{
  "center_lat": 54.3956,
  "center_lon": -3.3047,
  "north": 54.40694444444444,
  "south": 54.38472222222222,
  "west": -3.3158333333333334,
  "east": -3.2936111111111113,
  "rows": 80,
  "cols": 80,
  "elevation_range": [
    21,
    295
  ],
  "center_elevation": 177,
  "pixel_size_m": 30
}