{
  "zoom": 17,
  "north": 54.39335222384588,
  "south": 54.38215694368756,
  "west": -3.33160400390625,
  "east": -3.3123779296875,
  "width": 1792,
  "height": 1792,
  "center_px_x": 857,
  "center_px_y": 920
}